55665264550307840,11851,1,25,16777215,"""76235a7""","""这个脸""",1633264266,1,"""55665264550307840"""
55665347524862976,18038,1,25,16777215,"""d146fc0e""","""你俩还挺熟""",1633264424,10,"""55665347524862976"""
55665379892731392,13025,4,25,15138834,"""66283ff1""","""一步一个脚印""",1633264486,1,"""55665379892731392"""
55665381589373440,18185,1,25,16777215,"""e050ddc9""","""明明是一只奶牛""",1633264489,1,"""55665381589373440"""
55665382730505216,13964,5,25,15138834,"""6b3aeb35""","""《多卫生，多干净》""",1633264491,10,"""55665382730505216"""
55665392217559552,32113,1,25,16777215,"""12476195""","""手机吓掉了属于是""",1633264509,10,"""55665392217559552"""
55665411030027264,21012,1,25,16777215,"""2ae240e8""","""彼此彼此""",1633264545,1,"""55665411030027264"""
55665417512348160,19927,5,25,15138834,"""e5dd4162""","""狗届佐罗""",1633264557,1,"""55665417512348160"""
55665436518309888,25324,1,25,16777215,"""fb35a21d""","""狗：我可能不是人，但你是真的狗""",1633264594,1,"""55665436518309888"""
55665462196896256,17538,1,25,16777215,"""52f82bb7""","""笑死我了哈哈哈哈哈哈""",1633264643,10,"""55665462196896256"""
55665465560391680,30559,5,25,15138834,"""81c247b7""","""这在印度不得供起来当个神啥的啊""",1633264649,1,"""55665465560391680"""
55665475451903488,26798,1,25,16777215,"""6a328416""","""狗狗可听不得这话""",1633264668,1,"""55665475451903488"""
55665481678389760,872,5,25,16646914,"""c9afb9f2""","""哮天犬-印度分区""",1633264680,10,"""55665481678389760"""
55665484894323712,26305,1,25,16777215,"""c9545f47""","""草，走，忽略""",1633264686,9,"""55665484894323712"""
55665519506908672,19110,5,25,16707842,"""aa5c8714""","""庸子，海盗狗稀罕你嗷，干净到一块去了""",1633264752,1,"""55665519506908672"""
55665527415653376,20782,5,25,16707842,"""aa5c8714""","""多年好兄弟""",1633264767,1,"""55665527415653376"""
55665527447214592,16025,1,25,16777215,"""7399558a""","""庸哥挺上镜啊""",1633264767,1,"""55665527447214592"""
55665569535900672,11619,1,25,16777215,"""c74d8e27""","""卧槽，炫狗""",1633264847,1,"""55665569535900672"""
55665584402647552,12579,5,25,15138834,"""678014da""","""背上是二筒""",1633264876,10,"""55665584402647552"""
55665587747830784,14156,1,25,16777215,"""ae200ed9""","""甩一身哈""",1633264882,1,"""55665587747830784"""
55665624151022080,25877,4,25,11890,"""81626fb3""","""这肚子，是只刚生完宝宝的狗妈妈""",1633264952,1,"""55665624151022080"""
55665640684134400,17186,1,25,16777215,"""f75d3e6e""","""跟庸子自来熟啊""",1633264983,1,"""55665640684134400"""
55665682962983936,32113,1,25,16777215,"""7f9bdf8c""","""干净又卫生""",1633265064,1,"""55665682962983936"""
55665772563350528,24105,1,25,16777215,"""8bc7a7a1""","""小狗伤心了""",1633265235,10,"""55665772563350528"""
55665824135125504,3839,1,25,16777215,"""7a2d25c2""","""经典回归""",1633265333,9,"""55665824135125504"""
55665837372825088,11085,1,25,16777215,"""21fc8d64""","""为什么印度的狗都长的这么出其不意，没有规律""",1633265358,1,"""55665837372825088"""
55665839371254272,12683,5,25,15138834,"""f72e9387""","""一见如故""",1633265362,1,"""55665839371254272"""
55665919365090816,12091,5,25,16707842,"""1a7465d6""","""逆转锅来虾卧一跳""",1633265515,10,"""55665919365090816"""
55665921737953792,27557,1,25,16777215,"""67041546""","""还挺漂亮的这狗哈哈哈哈哈""",1633265519,1,"""55665921737953792"""
55666004656143360,5699,5,25,16646914,"""ef2c7399""","""搁这儿祈祷呢""",1633265677,10,"""55666004656143360"""
55666023018344448,27362,1,25,16777215,"""f5038607""","""你怎么这样！！你再踢！！（doge）""",1633265712,1,"""55666023018344448"""
55666039777935360,15874,1,25,16777215,"""dc5abbea""","""我愿给它取名为“二饼”""",1633265744,1,"""55666039777935360"""
55666039874366976,31005,1,25,16777215,"""e73db414""","""狗:你礼貌吗""",1633265745,1,"""55666039874366976"""
55666046231871488,14699,1,25,16777215,"""3818daf5""","""哈哈哈哈哈哈哈海盗狗""",1633265757,1,"""55666046231871488"""
55666072656556544,32113,1,25,16777215,"""b35e8318""","""极品串""",1633265807,9,"""55666072656556544"""
55666142314489344,19743,5,25,41194,"""3b288f8f""","""小奶狗？""",1633265940,1,"""55666142314489344"""
55666152546008064,24019,1,25,16777215,"""7607f3bd""","""我喜欢这狗，亲近人！""",1633265959,1,"""55666152546008064"""
55666156976529920,24072,1,25,16776960,"""ebbc4d63""","""往他身上蹭啊""",1633265968,1,"""55666156976529920"""
55666242480576512,29839,1,25,16777215,"""9c90fb29""","""天书奇谭里的老狐狸""",1633266131,10,"""55666242480576512"""
55666255420029952,29939,1,25,16777215,"""9fea5fa4""","""小东西长的挺别致""",1633266156,1,"""55666255420029952"""
55666271693371392,13488,5,25,15138834,"""95d594aa""","""狗：干净又卫生啊兄弟们""",1633266187,1,"""55666271693371392"""
55666287449262592,30164,5,25,15772458,"""86f73c42""","""奶 狗""",1633266217,1,"""55666287449262592"""
55666343027170816,17079,1,25,16777215,"""1de88634""","""全甩身上了""",1633266323,1,"""55666343027170816"""
55666415340975104,3119,1,25,16777215,"""f3638fe""","""修勾好可爱""",1633266461,9,"""55666415340975104"""
55666438500834816,11481,5,25,15138834,"""bf740476""","""奥楚蔑洛夫""",1633266505,10,"""55666438500834816"""
55666485783750144,32113,1,25,16777215,"""31bade04""","""我是布洛特亨德尔！""",1633266595,1,"""55666485783750144"""
55666526450361344,14006,1,25,16777215,"""d0563129""","""雨露均沾""",1633266673,1,"""55666526450361344"""
55666753915251200,16699,1,25,16707842,"""15dca588""","""狗：今天吃个刘墉，干净又卫生""",1633267106,1,"""55666753915251200"""
55666977021339136,16920,1,25,16777215,"""49535b6c""","""还挺亲人""",1633267532,1,"""55666977021339136"""
55666987675392512,27920,1,25,16777215,"""49535b6c""","""刚生完小狗狗""",1633267552,1,"""55666987675392512"""
55667037333897728,31659,1,25,16777215,"""f2a99a43""","""一句国粹，草，我三连了""",1633267647,1,"""55667037333897728"""
55667081335597568,31795,5,25,16777215,"""288025b9""","""卡卡西""",1633267731,1,"""55667081335597568"""
55667145101556736,26699,1,25,16777215,"""9241377c""","""哈哈哈哈哈哈哈哈哈哈哈哈哈哈""",1633267853,9,"""55667145101556736"""
55667187679005696,20188,1,25,16777215,"""fec4638d""","""金康杰""",1633267934,1,"""55667187679005696"""
55667221999507968,14903,1,25,16777215,"""43337bac""","""这在印度还不得封神啊""",1633267999,1,"""55667221999507968"""
55667224845279232,33000,1,25,16777215,"""b350059a""","""丑萌丑萌的，主要是很乖""",1633268005,1,"""55667224845279232"""
55667296551152128,6904,1,25,16777215,"""e4f34584""","""《全球通用语言》""",1633268141,10,"""55667296551152128"""
55667364770637312,24002,1,25,16777215,"""e64ec8aa""","""优美的中国话""",1633268272,10,"""55667364770637312"""
55667369972952576,26961,1,25,16777215,"""a3432095""","""招猫逗狗""",1633268282,1,"""55667369972952576"""
55667378118864384,24825,1,25,15138834,"""8f72c3b5""","""花姑娘，浑身都是花啊！""",1633268297,1,"""55667378118864384"""
55667378546834944,26108,1,25,16777215,"""9301eafe""","""经典老番""",1633268298,1,"""55667378546834944"""
55667385036944896,14002,1,25,16777215,"""5323e7a2""","""印度熊猫""",1633268310,1,"""55667385036944896"""
55667487133146112,18533,1,25,16777215,"""e5a18fb""","""二筒哈哈哈""",1633268505,1,"""55667487133146112"""
55667497779872768,17842,1,25,16777215,"""aeffff11""","""老乡见老乡""",1633268525,9,"""55667497779872768"""
55667499930393088,26060,1,25,16777215,"""b698afdf""","""哈哈哈啊哈笑死了""",1633268529,9,"""55667499930393088"""
55667500304873984,21482,1,25,16777215,"""b18de132""","""卧槽，炫狗""",1633268530,1,"""55667500304873984"""
55667501051421184,26322,1,25,16777215,"""4e2a6eb7""","""哈哈哈哈哈哈哈哈哈哈哈哈""",1633268532,9,"""55667501051421184"""
55667510869559808,30416,1,25,15138834,"""3fb142f8""","""舔到录屏结束间了""",1633268550,1,"""55667510869559808"""
55667604917572096,15668,1,25,16777215,"""9cee2dfe""","""快 甩他一身""",1633268730,1,"""55667604917572096"""
55667847705929728,11918,5,25,16707842,"""ed01bf61""","""认老大来了！""",1633269193,10,"""55667847705929728"""
55667868446682112,20021,1,25,16777215,"""710d4072""","""这不是矮大紧吗""",1633269232,1,"""55667868446682112"""
55667935693409792,14996,1,25,16777215,"""46f5d56f""","""全世界的叫狗都是一样的""",1633269361,1,"""55667935693409792"""
55667963442819072,21467,1,25,16776960,"""2a8a34ea""","""主公,此乃的卢啊!!!""",1633269413,1,"""55667963442819072"""
55668096301249024,11996,1,25,16777215,"""95c2151""","""背上拔了罐""",1633269667,9,"""55668096301249024"""
55668153025891328,30240,1,25,15138834,"""178ab4f8""","""喝了恒河水的狗""",1633269775,1,"""55668153025891328"""
55668185428127744,19979,1,25,15138834,"""229c3781""","""全国统一叫狗声：啾啾啾""",1633269837,1,"""55668185428127744"""
55668192651596288,11282,1,25,9487136,"""a53ee6f""","""狗子：你礼貌吗""",1633269851,10,"""55668192651596288"""
55668225568150016,11477,5,25,15772458,"""caa835b0""","""《周小狄，你不要走过来！！！》""",1633269913,1,"""55668225568150016"""
55668243071369216,4959,1,25,16777215,"""21d20f2c""","""经典咏流传！""",1633269947,9,"""55668243071369216"""
55668332338152448,14799,1,25,16777215,"""f5b5be4b""","""黑白郎君""",1633270117,1,"""55668332338152448"""
55668366256609792,10906,1,25,16777215,"""1b11d094""","""我去，海盗狗！""",1633270182,1,"""55668366256609792"""
55668407822600192,26399,1,25,16777215,"""b91dc158""","""哈哈哈哈哈好好说话，咋还踢上了""",1633270261,1,"""55668407822600192"""
55668424394963968,24989,4,25,16646914,"""36f2cf0b""","""毒奶""",1633270293,1,"""55668424394963968"""
55668439152623104,11905,5,25,16776960,"""f43ce218""","""用中文命令印度狗""",1633270321,1,"""55668439152623104"""
55668443432720384,14899,1,25,16777215,"""4fa4a584""","""干净又卫生""",1633270329,1,"""55668443432720384"""
55668607898909184,19479,1,25,16777215,"""d9979a09""","""这一甩我绷不住了""",1633270643,10,"""55668607898909184"""
55668678398077440,20706,1,25,16777215,"""403ac14f""","""卧槽，选购""",1633270777,10,"""55668678398077440"""
55668727717577216,29090,5,25,15138834,"""8c1d94fe""","""说词！""",1633270871,9,"""55668727717577216"""
55668728106406400,20159,1,25,16777215,"""262affcb""","""笑死我了哈哈""",1633270872,9,"""55668728106406400"""
55668894035143680,30892,1,25,16707842,"""7272ef42""","""我为什么觉得背上的圈圈好可爱啊""",1633271188,1,"""55668894035143680"""
55668933109299200,16111,5,25,16707842,"""178ab4f8""","""食蚁兽""",1633271263,10,"""55668933109299200"""
55668958948507648,16811,5,25,16707842,"""2a7cda1b""","""赐你圣水""",1633271312,1,"""55668958948507648"""
55668981571380736,22899,1,25,16777215,"""d7e034a7""","""狗:你礼貌么？""",1633271355,1,"""55668981571380736"""
55669169114331136,26259,1,25,16777215,"""6bcb1766""","""哈哈哈哈哈哈哈哈哈哈哈""",1633271713,9,"""55669169114331136"""
55669177039464448,31785,5,25,16707842,"""6071eec1""","""狗：这人干净又卫生兄弟们""",1633271728,1,"""55669177039464448"""
55669193988697600,32113,1,25,16777215,"""23605171""","""下崽了弄回来个""",1633271761,1,"""55669193988697600"""
55669349994838528,18958,1,25,16777215,"""28b36e83""","""甩了一身""",1633272058,1,"""55669349994838528"""
55669376981990400,32113,1,25,16777215,"""d6f61100""","""印度狗狗 干净又卫生！""",1633272110,1,"""55669376981990400"""
55669489626032128,26179,1,25,16777215,"""e0034a1a""","""卧槽选购""",1633272324,10,"""55669489626032128"""
55669520750720000,25514,1,25,15138834,"""b21c618c""","""说词儿，憋着上厕所呢""",1633272384,1,"""55669520750720000"""
55669667329032704,4688,1,25,15138834,"""909942ff""","""祈祷nia""",1633272663,8,"""55669667329032704"""
55669877869115904,13136,5,25,15138834,"""b3f99a70""","""怎么不吃了啊哈哈哈""",1633273065,1,"""55669877869115904"""
55670505149688832,12727,4,25,16777215,"""8a14de9b""","""《认亲》""",1633274261,1,"""55670505149688832"""
55670539417165824,7179,1,25,16777215,"""8302f03b""","""全球唤狗都是一个音""",1633274327,1,"""55670539417165824"""
55670551636390400,14453,1,25,16777215,"""2d3033""","""卧槽选购！""",1633274350,9,"""55670551636390400"""
55670615881846784,7145,1,25,16777215,"""41b485e4""","""倒叙手法""",1633274473,8,"""55670615881846784"""
55670797698620928,20935,1,25,16777215,"""46af63c5""","""我还以为你专门去再次找海盗狗""",1633274819,1,"""55670797698620928"""
55670924871623168,526,5,25,15138834,"""2cef37f9""","""新狗子""",1633275062,1,"""55670924871623168"""
55670984415459328,8848,5,25,15138834,"""2515b66c""","""海盗狗，What\'s up""",1633275176,1,"""55670984415459328"""
55671253979411456,11114,5,25,15138834,"""81a961c0""","""哈 维 丹 特""",1633275690,1,"""55671253979411456"""
55671301813221888,23987,1,25,15138834,"""1bfa6a22""","""没想到你是这样up主竟然踢小动物我取关了（狗头）""",1633275781,1,"""55671301813221888"""
55671915142020096,13704,1,25,16777215,"""d2065277""","""卧槽 选购""",1633276951,1,"""55671915142020096"""
55671927858548224,20776,5,25,15138834,"""d2065277""","""炫 狗""",1633276975,1,"""55671927858548224"""
55671941438132224,4003,5,25,15138834,"""d2065277""","""许 昊 龙""",1633277001,1,"""55671941438132224"""
55672010222655488,29817,1,25,16777215,"""90ea9951""","""卧槽选购""",1633277132,10,"""55672010222655488"""
55672118868917760,1877,5,25,15138834,"""8904d05""","""狗：哟，老外诶嘿""",1633277339,1,"""55672118868917760"""
55672123823758336,24207,1,25,16777215,"""76809bfc""","""作品名称《二筒》""",1633277349,10,"""55672123823758336"""
55672160447672320,31505,1,25,16777215,"""89ace0a5""","""狗：你礼貌吗""",1633277419,1,"""55672160447672320"""
55672234297584128,1139,1,25,16777215,"""5321f8a0""","""庸子的新朋友系列""",1633277559,1,"""55672234297584128"""
55672476863793664,29899,1,25,16777215,"""3e7f19b7""","""修勾勾超可爱！不要踢她！""",1633278022,1,"""55672476863793664"""
55672508097231360,11938,1,25,16777215,"""9ce765d7""","""100001斑点狗""",1633278082,1,"""55672508097231360"""
55672619368432640,31262,1,25,16777215,"""1ad940b5""","""哈哈哈 海盗狗 哈哈哈哈哈哈""",1633278294,1,"""55672619368432640"""
55672722412518400,15339,5,25,16777215,"""e25d94fa""","""随 机 生 成""",1633278490,1,"""55672722412518400"""
55672725081150976,15339,5,25,15138834,"""e25d94fa""","""随 机 生 成""",1633278496,1,"""55672725081150976"""
55672728156551680,15339,5,25,16707842,"""e25d94fa""","""随 机 生 成""",1633278501,1,"""55672728156551680"""
55672732208132608,15339,5,25,38979,"""e25d94fa""","""随 机 生 成""",1633278509,1,"""55672732208132608"""
55672735464160768,15339,5,25,41194,"""e25d94fa""","""随 机 生 成""",1633278515,1,"""55672735464160768"""
55672739623735296,15339,5,25,14811775,"""e25d94fa""","""随 机 生 成""",1633278523,1,"""55672739623735296"""
55672742460692992,15339,5,25,11890,"""e25d94fa""","""随 机 生 成""",1633278529,1,"""55672742460692992"""
55672835219379712,27248,1,25,16777215,"""e25d94fa""","""文化输出""",1633278706,1,"""55672835219379712"""
55672977442970112,28359,1,25,16777215,"""baadcd45""","""轴对称""",1633278977,1,"""55672977442970112"""
55672996840361472,12662,1,25,16777215,"""253c0f88""","""别人的失败，就是我的快乐啦""",1633279014,1,"""55672996840361472"""
55673417045771776,6579,1,25,16777215,"""8484d7b0""","""狗：凉快凉快""",1633279815,1,"""55673417045771776"""
55673539018672640,10699,1,25,16777215,"""77f669dc""","""卧槽，这外貌挺喜欢的""",1633280048,10,"""55673539018672640"""
55673664387659264,29798,1,25,16707842,"""d162015e""","""狗:干净卫生哦兄弟们""",1633280287,1,"""55673664387659264"""
55673827411692544,29785,1,25,16777215,"""386f858e""","""哈哈 太有个性了 这狗子""",1633280598,1,"""55673827411692544"""
55674018486581760,14083,5,25,15138834,"""81f45ba""","""太吓人了""",1633280963,1,"""55674018486581760"""
55674035607615488,16120,5,25,15138834,"""81f45ba""","""这个语气把我差点笑送走""",1633280995,1,"""55674035607615488"""
55674143391825408,20988,1,25,16777215,"""6b2c8fa7""","""狗：你礼貌吗？""",1633281201,1,"""55674143391825408"""
55674377758047744,7825,1,25,16777215,"""ddb26f52""","""背影杀""",1633281648,1,"""55674377758047744"""
55674395207716352,13666,1,25,16777215,"""dc1d9922""","""钛鎋釼了""",1633281681,1,"""55674395207716352"""
55674536134718976,12203,5,25,16707842,"""e49641bd""","""勾引我过来，又让我走，你是狗还是，我是狗""",1633281950,1,"""55674536134718976"""
55674777459427328,30339,1,25,16777215,"""1bb79329""","""这一脚太灵性了""",1633282410,10,"""55674777459427328"""
55675090793953792,11580,1,25,16777215,"""1dd08f93""","""还是个妈妈啊这狗""",1633283008,1,"""55675090793953792"""
55675211515291648,32113,1,25,16777215,"""80ef9f1""","""评论区太离谱了 笑死了哈哈哈 """,1633283238,1,"""55675211515291648"""
55676363353979904,31299,1,25,16777215,"""3dcfe796""","""明明挺乖的啊。。""",1633285435,10,"""55676363353979904"""
55676552042789888,31239,1,25,16777215,"""355f342e""","""明明很可爱""",1633285795,9,"""55676552042789888"""
55676611025206272,14590,1,25,16777215,"""b4e1049""","""这不是那个西游记“小钻风”！""",1633285907,1,"""55676611025206272"""
55678099699290112,18899,1,25,16707842,"""89d8e685""","""咬一口香肠""",1633288747,1,"""55678099699290112"""
55679224658350080,7914,5,25,16646914,"""fbd58402""","""搁着祈祷呢""",1633290893,10,"""55679224658350080"""
55679342718487040,30308,5,25,16777215,"""dbe14770""","""哎哟我去，你tm怼我脸上干嘛""",1633291118,1,"""55679342718487040"""
55679347405699072,21590,5,25,15138834,"""a4003476""","""二饼狗""",1633291127,1,"""55679347405699072"""
55680246184388096,19585,5,25,16707842,"""2c774b67""","""卧槽选购！！！""",1633292841,10,"""55680246184388096"""
55683438356740096,17511,5,25,15138834,"""c36a15ec""","""臭味相投了属于是""",1633298930,1,"""55683438356740096"""
55684498554886656,23985,5,25,15138834,"""7a124ea0""","""狗在给孩子们洗奶嘴""",1633300952,1,"""55684498554886656"""
55684811209763840,7485,5,25,15138834,"""dc51698b""","""印度狗怎么听懂咂嘴声的""",1633301548,1,"""55684811209763840"""
55685258601950208,1405,5,25,16707842,"""6c926a56""","""大家看完视频记得看评论""",1633302401,1,"""55685258601950208"""
55685850763354112,25485,5,25,15138834,"""595c3b45""","""《奶 狗》""",1633303531,1,"""55685850763354112"""
55686695300902400,26761,1,25,16777215,"""c23115e7""","""你踢人家狗干什么""",1633305142,1,"""55686695300902400"""
55686745653036032,13087,1,25,41194,"""ebbc4d63""","""甩一身，这下好了，气味相同了""",1633305238,1,"""55686745653036032"""
55687029319663616,23663,1,25,16777215,"""4143a354""","""这让人心跳猝停的脚印""",1633305779,1,"""55687029319663616"""
55687214590919680,6559,1,25,16777215,"""a236a125""","""泔胫釉微生啊[tv_点赞]​""",1633306132,1,"""55687214590919680"""
55687417370557440,6068,1,25,16777215,"""8c6f4aa4""","""《奶狗》""",1633306519,1,"""55687417370557440"""
55687660771645952,33000,1,25,16777215,"""53e25c1d""","""不要怕给你来个手断芦荟""",1633306983,1,"""55687660771645952"""
55689089062164992,16293,1,25,16777215,"""3cbec70f""","""狗子:这脚多少带点臭啊 兄弟们""",1633309707,1,"""55689089062164992"""
55689581161658368,1459,1,25,16777215,"""afee3801""","""尼玛评论区炸了卧槽""",1633310646,1,"""55689581161658368"""
55689677362466816,5185,5,25,16777215,"""2937be58""","""搁着祈祷呢""",1633310829,10,"""55689677362466816"""
55690010603091968,26659,1,25,16777215,"""a6f569fe""","""干净又卫生，吃了昂兄弟们""",1633311465,1,"""55690010603091968"""
55690107964652032,8180,1,25,11890,"""fa959c38""","""海盗狗哈哈哈哈哈哈哈哈哈哈""",1633311651,1,"""55690107964652032"""
55690403381030912,17243,5,25,11890,"""fff90206""","""花纹随机生成""",1633312214,1,"""55690403381030912"""
55690614653603840,22441,5,25,16646914,"""385d1ab6""","""狗：你有那个大病是吧""",1633312617,1,"""55690614653603840"""
55690668742863360,20659,1,25,16777215,"""fd370fc7""","""这狗长的真是让我大开眼界""",1633312720,1,"""55690668742863360"""
55690813937030144,30779,4,25,16777215,"""f1e74291""","""一步一个脚印""",1633312997,1,"""55690813937030144"""
55690880968419328,24379,1,25,16777215,"""5939ebf""","""回头咬他！！""",1633313125,10,"""55690880968419328"""
55690988466271232,26872,1,25,16777215,"""5939ebf""","""狗妈妈""",1633313330,1,"""55690988466271232"""
55691659581316096,28699,1,25,16777215,"""4d11e7e""","""礼貌小狗：你吗""",1633314610,10,"""55691659581316096"""
55691863784717824,8085,1,25,16777215,"""64ce3952""","""开封有个～母夜叉~""",1633315000,1,"""55691863784717824"""
55692463316196864,11856,1,25,16777215,"""c999b5f5""","""哈哈哈哈哈哈哈""",1633316143,8,"""55692463316196864"""
55692470757089792,26356,1,25,16777215,"""c999b5f5""","""哈哈哈哈哈哈哈""",1633316157,9,"""55692470757089792"""
55692474997430272,28020,1,25,16777215,"""c999b5f5""","""狗：？""",1633316166,1,"""55692474997430272"""
55692877424028160,20079,1,25,16777215,"""b853c789""","""礼貌狗:你吗?""",1633316933,1,"""55692877424028160"""
55692909703601152,1468,1,25,16776960,"""da505ce6""","""小  奶  狗""",1633316995,1,"""55692909703601152"""
55693299768617984,8434,1,25,16777215,"""387012b2""","""这狗多半是恒河水喝多了""",1633317739,1,"""55693299768617984"""
55693455052088320,32113,1,25,16777215,"""82da229f""","""yongger说吓人那是真虾仁了""",1633318035,10,"""55693455052088320"""
55693513144189952,29779,1,25,16777215,"""68510b1a"""," 你讲礼貌吗？""",1633318146,1,"""55693513144189952"""
55693659459550720,33000,1,25,16777215,"""211cc760""","""介狗是啥品种的啊""",1633318425,1,"""55693659459550720"""
55694080182715904,32113,1,25,16777215,"""7f7543e4""","""评论区庸子宇宙""",1633319227,1,"""55694080182715904"""
55694532299725824,9990,1,25,16777215,"""aefa8101""","""少狗祈祷中……""",1633320090,1,"""55694532299725824"""
55694649593468928,4922,1,25,15772458,"""a19183a7""","""高晓松转世了属于是""",1633320313,1,"""55694649593468928"""
55694693399548928,16636,1,25,16777215,"""98540e74""","""狗  ：谢谢你，再见""",1633320397,1,"""55694693399548928"""
55694704415234560,20358,5,25,38979,"""98540e74""","""狗：谢谢你  再见""",1633320418,1,"""55694704415234560"""
55694770350088704,19664,5,25,15138834,"""db562508""","""二筒""",1633320544,1,"""55694770350088704"""
55694982214378496,13059,1,25,16777215,"""8bf9d462""","""世界通用语言""",1633320948,9,"""55694982214378496"""
55695006510877184,20405,1,25,14811775,"""aefa8101""","""奶牛和狗的合体——小奶狗""",1633320994,1,"""55695006510877184"""
55695063959237632,29105,1,25,16777215,"""82da748d""","""你踢他干嘛！""",1633321104,1,"""55695063959237632"""
55695068399964672,19828,1,25,16777215,"""8ecbc32c""","""收入麾下""",1633321112,10,"""55695068399964672"""
55695110471422976,11337,5,25,15138834,"""d40cd815""","""《文明》""",1633321192,10,"""55695110471422976"""
55695157271645696,32067,1,25,16777215,"""973260d""","""熊猫色可值钱了""",1633321282,1,"""55695157271645696"""
55695280183497216,9059,5,25,15138834,"""a3d1c84e""","""搁这折寿呢？""",1633321516,1,"""55695280183497216"""
55695319248722944,26379,1,25,16777215,"""3d44b38c""","""哈哈哈哈哈哈哈哈哈哈""",1633321591,9,"""55695319248722944"""
55695764470063616,22405,1,25,16777215,"""322abcd""","""哎呦，这狗长的""",1633322440,1,"""55695764470063616"""
55696362454409728,4201,1,25,16777215,"""5b7a4957""","""艾雷王哈哈哈哈哈哈""",1633323580,1,"""55696362454409728"""
55696460250432512,15615,1,25,16777215,"""5d53157c""","""天书奇谈仙姑""",1633323767,1,"""55696460250432512"""
55697168741224448,23891,5,25,14811775,"""aa592f0a""","""神 作""",1633325118,1,"""55697168741224448"""
55697572879430144,25761,1,25,16777215,"""a1a32043""","""狗：你是不是看不起我的长相""",1633325889,1,"""55697572879430144"""
55698043170210816,33000,1,25,16777215,"""da61a588""","""阿努比斯""",1633326786,1,"""55698043170210816"""
55698119318023680,25657,1,25,16777215,"""d341b804""","""31秒 狗狗眼神并不凶""",1633326931,1,"""55698119318023680"""
55699024320183808,20198,1,25,41194,"""38a949d2""","""小电视配色""",1633328657,1,"""55699024320183808"""
55699070815686656,10800,5,25,15138834,"""a0f842ba""","""做个人吧""",1633328746,1,"""55699070815686656"""
55699364521828352,47,1,25,16777215,"""e8d88c6f""","""大佬姿势""",1633329306,1,"""55699364521828352"""
55700268916982784,1202,1,25,16777215,"""aca4cdbb""","""哈哈，全是各种周边人物来捧场啊""",1633331031,1,"""55700268916982784"""
55700819523266560,22126,1,25,16777215,"""e6f3d047""","""卧槽，选购！""",1633332081,10,"""55700819523266560"""
55700845642824192,6976,5,25,15138834,"""20781d02""","""《海盗狗》""",1633332131,1,"""55700845642824192"""
55700867024733696,26885,5,25,15138834,"""20781d02""","""老  下  饭  了""",1633332172,1,"""55700867024733696"""
55700892741032448,26665,5,25,15138834,"""20781d02""","""老下饭了""",1633332221,1,"""55700892741032448"""
55701133245278208,21484,1,25,16777215,"""a033847b""","""经典抢位置""",1633332680,10,"""55701133245278208"""
55701556791287808,5814,5,25,15138834,"""782fff53""","""世界通用召狗术""",1633333488,1,"""55701556791287808"""
55702998510464000,31035,1,25,16777215,"""1f4e5f11""","""小狗明明挺可爱的呀""",1633336238,10,"""55702998510464000"""
55703090817988608,11743,5,25,41194,"""d834d193""","""一路找一路""",1633336414,10,"""55703090817988608"""
55703504917430784,29339,1,25,16777215,"""94e54a70""","""摇尾巴你还打""",1633337203,1,"""55703504917430784"""
55703753770968064,11205,1,25,16777215,"""34e703c9""","""卧槽炫狗""",1633337678,1,"""55703753770968064"""
55703762080916480,22699,1,25,16777215,"""6b5e8238""","""给它来杯芦荟汁""",1633337694,1,"""55703762080916480"""
55703832075444736,6785,1,25,16777215,"""2aac7ef5""","""国际通用召唤术语""",1633337827,10,"""55703832075444736"""
55704365545796096,17539,5,25,15138834,"""b8763969""","""大象叫""",1633338845,1,"""55704365545796096"""
55704400079512064,26658,1,25,16777215,"""5fb0c040""","""乌尔奇奥拉""",1633338911,1,"""55704400079512064"""
55705135731198976,15507,1,25,16777215,"""2cff2565""","""奶奶猫x海盗狗""",1633340314,1,"""55705135731198976"""
55705343037769728,13910,1,25,16777215,"""a24ac93f""","""为什么这句太哈人了这么好笑""",1633340709,1,"""55705343037769728"""
55705408293626368,3265,1,25,16777215,"""3f51cd3c""","""《熊狗》""",1633340834,1,"""55705408293626368"""
55705444295073280,26442,1,25,16707842,"""a5d212a8""","""二筒""",1633340903,1,"""55705444295073280"""
55705624866683904,30668,5,25,16646914,"""fdf13a8c""","""老  吓  银  了""",1633341247,1,"""55705624866683904"""
55705894760741376,13982,5,18,15138834,"""d43b888a""","""太吓银辣""",1633341762,1,"""55705894760741376"""
55706092431798784,10425,1,25,16777215,"""51f39088""","""笑死我了哈哈哈哈哈哈""",1633342139,9,"""55706092431798784"""
55706133154981888,27178,5,25,15138834,"""13644860""","""二筒""",1633342216,9,"""55706133154981888"""
55706530851362816,18659,1,25,16777215,"""13f9e7a3""","""甩一身""",1633342975,1,"""55706530851362816"""
55706925819127808,4842,5,25,16707842,"""c19edef6""","""觿 䥣""",1633343728,1,"""55706925819127808"""
55707196738209792,5946,4,25,15138834,"""50da83c2""","""《搁这洗澡呢》""",1633344245,10,"""55707196738209792"""
55707835845181440,10812,1,25,16777215,"""d591e0ef""","""第五遍哈哈哈""",1633345464,9,"""55707835845181440"""
55708728502813184,28179,5,25,15138834,"""2ecab225""","""干净又卫生啊，兄弟们！""",1633347167,1,"""55708728502813184"""
55709599150991360,28405,5,25,16707842,"""76c57a90""","""Waring！！！Kiss 警告""",1633348827,1,"""55709599150991360"""
55709602301425664,28405,5,25,16707842,"""76c57a90""","""Waring！！！Kiss 警告""",1633348833,1,"""55709602301425664"""
55709605287740928,28405,5,25,16707842,"""76c57a90""","""Waring！！！Kiss 警告""",1633348839,1,"""55709605287740928"""
55710214116832256,18796,1,25,16777215,"""11fb790f""","""哈哈哈哈哈确实吓人""",1633350000,1,"""55710214116832256"""
55711233381816832,25503,1,25,16777215,"""ba9da600""","""哇 长得挺有特点的""",1633351944,1,"""55711233381816832"""
55711241484135424,13119,1,25,16777215,"""d4b162e3""","""《全城9•无眠》""",1633351960,1,"""55711241484135424"""
55711313490963968,12596,1,25,16777215,"""ec570db""","""狗：啧了又叫我走，有病？""",1633352097,1,"""55711313490963968"""
55711378002432000,19419,5,25,38979,"""851fe8ef""","""德 鲁 伊""",1633352220,1,"""55711378002432000"""
55712078520498688,19653,5,25,16707842,"""da5bda11""","""Whats Up""",1633353556,1,"""55712078520498688"""
55712294983925248,29635,1,25,16777215,"""cded9805""","""一步一个脚印""",1633353969,1,"""55712294983925248"""
55712864287621120,31059,1,25,16777215,"""39604f04""","""三花聚顶""",1633355055,10,"""55712864287621120"""
55713788883417600,2362,5,25,16707842,"""49f9fe9a""","""这个斑点就很神奇""",1633356819,10,"""55713788883417600"""
55713859828351488,1885,4,25,16707842,"""bb5207e4""","""卫    生    狗""",1633356954,1,"""55713859828351488"""
55714365658201600,12840,1,25,16777215,"""6bd7f21d""","""这狗居然没有被参拜""",1633357919,1,"""55714365658201600"""
55714417156581376,7697,1,25,16777215,"""26d80702""","""悟空""",1633358017,1,"""55714417156581376"""
55714581106426368,22901,1,25,16777215,"""efb70d81""","""跨服聊天，跨品种唠嗑""",1633358330,10,"""55714581106426368"""
55714709910610944,10562,1,25,16777215,"""d5a9622f""","""就算长相特别也不要踢狗勾！""",1633358575,1,"""55714709910610944"""
55714801616440320,10653,1,25,15138834,"""3aa391b3""","""《文明语言》""",1633358750,10,"""55714801616440320"""
55715639936116736,18919,1,25,16777215,"""c251bec5""","""玛莎拉水都给你甩身上""",1633360349,1,"""55715639936116736"""
55715730673523200,11935,1,25,16777215,"""8aa1b113""","""干净又卫生""",1633360522,1,"""55715730673523200"""
55716080673387008,11045,1,25,16777215,"""730347f8""","""世界通用唤狗声音""",1633361190,1,"""55716080673387008"""
55716086256558592,16801,1,25,16777215,"""86161f88""","""礼貌狗:你吗""",1633361200,1,"""55716086256558592"""
55716766211425280,3486,1,25,16777215,"""9d1d49b4""","""打牌缺2饼可以用它代替""",1633362497,10,"""55716766211425280"""
55717186151063552,11899,1,25,16777215,"""7a46beb8""","""挝鼜""",1633363298,1,"""55717186151063552"""
55717681275398144,27551,1,25,14811775,"""a020058a""","""我觉得这个狗好酷""",1633364243,1,"""55717681275398144"""
55717822616348160,11940,5,25,15138834,"""8d511799""","""死因：干净又卫生""",1633364512,10,"""55717822616348160"""
55718454653923840,26804,1,25,16777215,"""606c014d""","""礼貌：你狗吗？""",1633365718,1,"""55718454653923840"""
55719271992660480,5251,5,25,15138834,"""88c2f3b7""","""《印度这个狗》""",1633367277,1,"""55719271992660480"""
55722827376739328,3802,5,25,15138834,"""47b6e2dc""","""开口既国粹""",1633374058,1,"""55722827376739328"""
55727769626151936,16222,1,25,16777215,"""64ba9a24""","""诸位的手机看到最后就不能要了""",1633383485,1,"""55727769626151936"""
55732125515173376,2320,1,25,16777215,"""da89a8f4""","""印度这个狗，一语双关了属于是""",1633391793,1,"""55732125515173376"""
55732335734230016,7680,1,25,14811775,"""4e3baf81""","""背影杀手""",1633392194,9,"""55732335734230016"""
55733532615217664,21959,1,25,16777215,"""a9f022ff""","""奶牛犬，奶牛猫的大哥""",1633394477,1,"""55733532615217664"""
55733930569770496,6710,5,25,16707842,"""4b486b02""","""卧槽，炫狗！""",1633395236,1,"""55733930569770496"""
55734469136104448,29699,1,25,16777215,"""bf862cac""","""摔一身水，太狗了哈哈哈""",1633396263,1,"""55734469136104448"""
55734486876523008,17219,5,25,41194,"""5cd0c53e""","""可是我觉得好独特 好可爱""",1633396297,10,"""55734486876523008"""
55735217464281600,26025,1,25,16777215,"""a5287a16""","""狗:你TM还踢我是吧""",1633397690,1,"""55735217464281600"""
55735750900637696,8707,5,25,15138834,"""e9e1d2d4""","""奶       狗""",1633398708,1,"""55735750900637696"""
55735846443264512,7969,5,25,15138834,"""cd2bf3d8""","""狗狗拆寺中""",1633398890,1,"""55735846443264512"""
55736755174822400,33000,1,25,16777215,"""d6ba7b51""","""看完评论 好久没有这么笑过了""",1633400623,1,"""55736755174822400"""
55738393877987840,19025,5,25,38979,"""89a6b105""","""炫  狗""",1633403749,1,"""55738393877987840"""
55739335685237248,10779,1,25,16777215,"""52c81cac""","""海盗狗哈哈哈哈哈哈哈""",1633405545,1,"""55739335685237248"""
55739658304758784,22379,5,25,16777215,"""cc293a2b""","""礼貌狗：你吗""",1633406161,1,"""55739658304758784"""
55740318940275200,20089,1,25,16777215,"""96aff420""","""嬈䃶""",1633407421,1,"""55740318940275200"""
55740675331998720,12578,5,25,15138834,"""51413131""","""《二筒》""",1633408100,10,"""55740675331998720"""
55740792642962944,5302,5,25,16777215,"""d9bbc4f""","""搁着祈祷呢""",1633408324,10,"""55740792642962944"""
55741293718531072,30239,1,25,16777215,"""793ede15""","""狗：你有事么 """,1633409280,1,"""55741293718531072"""
55741435933690368,11676,1,25,16777215,"""fdf5bc85""","""国际通用召唤术语言 笑死 hahah""",1633409551,1,"""55741435933690368"""
55741497382566912,25221,1,25,16777215,"""cbb0d723""","""走了伤自尊了""",1633409668,1,"""55741497382566912"""
55743279063121920,2763,1,25,16777215,"""b2d26af2""","""评论区id确实封神了哈哈哈哈""",1633413067,1,"""55743279063121920"""
55743439853234688,28955,5,25,15138834,"""8967a231""","""你不要过来啊啊啊！！！！""",1633413373,1,"""55743439853234688"""
55744131698503168,20224,1,25,16777215,"""340af414""","""狗：你礼貌吗？""",1633414693,1,"""55744131698503168"""
55744682091643392,24269,1,25,16777215,"""a72e1460""","""狗：窝嫩叠～""",1633415743,1,"""55744682091643392"""
55745224796455424,11873,1,25,16777215,"""19ef4564""","""乌云踏雪狗？""",1633416778,1,"""55745224796455424"""
55745704742752256,30234,1,25,16777215,"""902829e4""","""这一脚笑死我了哈哈哈""",1633417693,10,"""55745704742752256"""
55745738545647616,923,5,25,16765698,"""dd30cd40""","""杰克·斯帕罗早期影像""",1633417758,1,"""55745738545647616"""
55745769505076736,30548,5,25,16765698,"""dd30cd40""","""苏林易狗（doge）""",1633417817,1,"""55745769505076736"""
55745853939310592,26259,5,25,15138834,"""b49c85f3""","""零元狗""",1633417978,1,"""55745853939310592"""
55746824355511296,17714,1,25,16777215,"""958e22a0""","""朝你大胯咬一口""",1633419829,1,"""55746824355511296"""
55747257836915200,8299,5,25,15138834,"""c7c92050""","""吸 藻""",1633420656,1,"""55747257836915200"""
55747325328920576,12979,1,25,16777215,"""98afb4cd""","""这个口技全球通用啊""",1633420784,1,"""55747325328920576"""
55747850834988032,31552,5,25,16707842,"""5da28d36""","""你不要过来呀""",1633421787,1,"""55747850834988032"""
55749289599121920,9898,5,25,15138834,"""8a5a9870""","""《奶牛狗》""",1633424531,1,"""55749289599121920"""
55750199105292288,17724,1,25,16777215,"""ab4c87b2""","""卧槽，炫狗""",1633426266,1,"""55750199105292288"""
55750561098699264,13839,1,25,16777215,"""37a37800""","""花纹好奇特""",1633426956,1,"""55750561098699264"""
55750616588996608,3629,1,25,16777215,"""afd76f5e""","""我去。印度的狗听得懂普通话啊""",1633427062,1,"""55750616588996608"""
55751124206125568,9345,5,25,15138834,"""c0d81e0a""","""c语言""",1633428030,10,"""55751124206125568"""
55752339819331072,30490,5,25,15138834,"""f1bd2850""","""这段我隔着屏幕下意识躲了一下""",1633430349,10,"""55752339819331072"""
55757302714761216,26560,1,25,16777215,"""8378338a""","""氦氘汞""",1633439815,9,"""55757302714761216"""
55757345042583552,23888,5,25,16777215,"""49b8800e""","""C++ 语言精选""",1633439895,1,"""55757345042583552"""
55757748744969728,4545,1,25,16777215,"""2d572a9a""","""《印度这个狗》""",1633440665,1,"""55757748744969728"""
55759615517355520,9854,1,25,16777215,"""93ea24ea""","""天书奇谈，老狐狸精""",1633444226,1,"""55759615517355520"""
55762349382543872,32113,1,25,16777215,"""e36c94b2""","""庸の宇宙从此刻开始""",1633449440,10,"""55762349382543872"""
55763950690168832,24586,1,25,16777215,"""e921929""","""看了第5遍 忍不住投币了""",1633452495,1,"""55763950690168832"""
55764560451844096,4365,1,25,16777215,"""bc04f610""","""斑点泡发了吧""",1633453658,1,"""55764560451844096"""
55771856096704512,18339,5,25,15138834,"""3605deb9""","""这狗会说英语吗""",1633467573,1,"""55771856096704512"""
55780007614148608,27985,5,25,15138834,"""8927ec93""","""C语言大师""",1633483121,10,"""55780007614148608"""
55782084228908032,32113,1,25,16777215,"""da685895""","""狗还成啊！性格开朗，我都想养只""",1633487082,1,"""55782084228908032"""
55784277364236800,6524,5,25,16707842,"""73812b10""","""搁这祈祷呢""",1633491265,10,"""55784277364236800"""
55785720568842240,5720,1,25,16777215,"""5c322f34""","""狗子：我可能不是人，但你是真的狗""",1633494017,1,"""55785720568842240"""
55786637795474944,7100,1,25,16777215,"""11902166""","""礼貌:狗妈妈?""",1633495767,1,"""55786637795474944"""
55786653908267008,4933,1,25,16777215,"""11902166""","""狗:?!""",1633495798,1,"""55786653908267008"""
55788035743846400,33000,1,25,16777215,"""2cda33d2""","""评论区 各路老板来招呼哈哈哈哈哈笑死了""",1633498433,1,"""55788035743846400"""
55789521933018112,19067,5,25,16777215,"""a0684584""","""奶狗""",1633501268,1,"""55789521933018112"""
55790273342066688,33000,1,25,16777215,"""8f3a60f""","""这是生着生着没墨了""",1633502701,1,"""55790273342066688"""
55791410152778240,23960,5,25,8700107,"""8b5f0d60""","""礼貌狗狗：你吗""",1633504869,10,"""55791410152778240"""
55792865265592320,7151,1,25,16777215,"""8d54271d""",""" 山 海 经 """,1633507645,1,"""55792865265592320"""
55795915315280896,8914,1,25,16777215,"""5b2ea7e1""","""这一声惊呼笑死我了""",1633513462,10,"""55795915315280896"""
55796953601613824,2856,5,25,15138834,"""a100ef40""","""我超，炫狗""",1633515443,1,"""55796953601613824"""
55798433665529856,6639,1,25,16777215,"""f15ca865""","""艾雷王的笑死我了""",1633518266,1,"""55798433665529856"""
55799016898477056,27140,1,25,16777215,"""94b79dd5""","""你才吓人！""",1633519378,1,"""55799016898477056"""
55800678916535808,14545,1,25,16777215,"""60c1f6f3""","""炫我疯狂的炫""",1633522548,1,"""55800678916535808"""
55802745160505344,10145,5,25,16777215,"""edd09e3a""","""《车力巨人》""",1633526489,10,"""55802745160505344"""
55802867948894208,18983,1,25,11890,"""57166b2d""","""狗：这水是我染黑的你信不？""",1633526723,1,"""55802867948894208"""
55803720868951040,23079,1,25,16777215,"""161f4b7f""","""礼貌狗：你吗？""",1633528350,1,"""55803720868951040"""
55809984123101696,2621,1,25,16777215,"""57578360""","""这小子怎么坐水里""",1633540296,10,"""55809984123101696"""
55818049769682944,23556,5,25,16776960,"""f518ac33""","""背 刺""",1633555680,1,"""55818049769682944"""
55825038613965312,9788,1,25,16777215,"""1a876d8e""","""晚上来带你走""",1633569011,1,"""55825038613965312"""
55825573906987008,24488,1,25,16777215,"""f9eb345e""","""《c语言》""",1633570032,10,"""55825573906987008"""
55827822901752320,20114,1,25,16777215,"""30554259""","""选购""",1633574321,9,"""55827822901752320"""
55830555412434944,11085,1,25,16777215,"""c5a85c96""","""卧槽！炫狗！""",1633579533,1,"""55830555412434944"""
55831135034462720,28059,1,25,16707842,"""d1993387""","""《花姑娘》""",1633580639,1,"""55831135034462720"""
55831668676698112,25502,1,25,16777215,"""fc64f8f""","""礼貌狗子：你吗""",1633581656,10,"""55831668676698112"""
55832013615252480,27791,5,25,16707842,"""7fb52d8b""","""《天书 奇 谭》""",1633582314,10,"""55832013615252480"""
55833028537867264,15838,1,25,16777215,"""50c78cb""","""请大家仔细看 这个道格五官还挺清秀""",1633584250,1,"""55833028537867264"""
55834214444808192,30179,1,25,16707842,"""4f041c2e""","""一睹芳容""",1633586512,10,"""55834214444808192"""
55835403403406848,25834,1,25,16777215,"""b9508d8d""","""卧槽选购！！！""",1633588780,10,"""55835403403406848"""
55835811534464512,4527,1,25,16777215,"""27323f1a""","""充满了艺术气息""",1633589558,10,"""55835811534464512"""
55836926133976064,17139,1,25,16777215,"""9dae06e0""","""杰克船长：有被冒犯""",1633591684,10,"""55836926133976064"""
55840794663250944,8692,1,25,16777215,"""cf7aad42""","""礼貌小狗：你吗""",1633599063,10,"""55840794663250944"""
55841080790473216,6419,5,25,16777215,"""2af68d02""","""奶    狗""",1633599609,1,"""55841080790473216"""
55842425342253568,26419,1,25,16777215,"""bc271350""","""隔这屏幕都能闻到臭味""",1633602173,1,"""55842425342253568"""
55845012369079296,22538,1,25,16777215,"""6af9c4a9""","""海盗狗，哈哈哈""",1633607107,1,"""55845012369079296"""
55846929572088832,21982,1,25,16777215,"""253fa251""","""背上和脸上的斑点特别灵性""",1633610764,1,"""55846929572088832"""
55849160244519424,16679,1,25,16777215,"""dbdfa8b3""","""大哥，你终于来了""",1633615019,10,"""55849160244519424"""
55849250255322112,20939,1,25,16777215,"""8db390c0""","""卧槽 选 选够！""",1633615191,1,"""55849250255322112"""
55849353747676672,334,5,25,16707842,"""94b6aeb9""","""生僻字大全""",1633615388,1,"""55849353747676672"""
55850746322821632,27595,1,25,16777215,"""e576081e""","""没你吓人哈哈哈""",1633618044,1,"""55850746322821632"""
55850858084682240,13401,1,25,16777215,"""b182258a""","""这个狗狗好有特色""",1633618257,1,"""55850858084682240"""
55851089277464064,8999,5,25,15138834,"""3605cca5""","""说出吾名，吓汝一跳""",1633618698,10,"""55851089277464064"""
55851561616153600,2092,4,25,15138834,"""ea587ce3""","""每天一遍，百看不厌""",1633619599,1,"""55851561616153600"""
55854119161399808,32113,1,25,16777215,"""5196bba4""","""评论区全明星离天大谱""",1633624477,1,"""55854119161399808"""
55855524221792768,26335,1,25,16777215,"""d8e7950f""","""生异性啊你哥俩""",1633627157,1,"""55855524221792768"""
55857928153979392,10299,1,25,16777215,"""ac845ecb""","""还挺可爱哈哈哈""",1633631742,9,"""55857928153979392"""
55859369092333568,26487,1,25,16777215,"""dd3cd574""","""孙红雷""",1633634491,1,"""55859369092333568"""
55860017790826496,31459,1,25,16777215,"""3a1b6c28""","""老下银了""",1633635728,1,"""55860017790826496"""
55871599676048384,18106,1,25,16777215,"""cbe09dba""","""貢""",1633657819,1,"""55871599676048384"""
55871641730849280,16099,1,25,16777215,"""292144d9""","""是不是你养的，怎么这么熟""",1633657899,1,"""55871641730849280"""
55871654998318080,30899,1,25,16777215,"""292144d9""","""老虾仁了""",1633657924,1,"""55871654998318080"""
55871917651621888,23699,1,25,16777215,"""2a217013""","""哈哈哈哈妖怪9命""",1633658425,9,"""55871917651621888"""
55875695551388672,9624,1,25,16777215,"""7b041ab5""","""哈哈哈哈哈哈哈""",1633665631,8,"""55875695551388672"""
55875701195339776,16120,1,25,16777215,"""7b041ab5""","""哈哈哈哈哈哈哈""",1633665642,9,"""55875701195339776"""
55875706641072640,21335,1,25,16777215,"""7b041ab5""","""哈哈哈哈哈哈""",1633665652,9,"""55875706641072640"""
55876108098875392,3686,1,25,16777215,"""57540be0""","""煒曻""",1633666418,1,"""55876108098875392"""
55876113908944384,7266,1,25,16777215,"""57540be0""","""㳶""",1633666429,7,"""55876113908944384"""
55876472588198400,23179,5,25,15138834,"""ce8b06ff""","""华为P50""",1633667113,1,"""55876472588198400"""
55876632658849280,16259,5,25,15138834,"""939142c8""","""史努比""",1633667418,1,"""55876632658849280"""
55876719078478848,28539,1,25,16777215,"""e0708171""","""二筒""",1633667583,8,"""55876719078478848"""
55876769959434752,29547,1,25,16777215,"""eccdc196""","""二饼""",1633667680,1,"""55876769959434752"""
55877637857894912,12679,1,25,16777215,"""47741a60""","""黑白郎君哈哈哈哈哈哈哈""",1633669336,1,"""55877637857894912"""
55877706630573568,12323,1,25,16777215,"""84c0498c""","""熊猫狗""",1633669467,1,"""55877706630573568"""
55877817019825152,30889,1,25,16777215,"""4bfcfd64""","""说词啊""",1633669677,1,"""55877817019825152"""
55879411390496768,19139,1,25,16777215,"""98c3da9a""","""罗夏""",1633672718,7,"""55879411390496768"""
55879424637202432,13140,1,25,15138834,"""6a3a8018""","""它看起来很友善""",1633672744,10,"""55879424637202432"""
55879748293941760,24012,1,25,16777215,"""c9cdb18b""","""卧槽，炫狗！""",1633673361,1,"""55879748293941760"""
55881439709452288,14659,1,25,16777215,"""7aeafe7b""","""要吃这个吗""",1633676587,1,"""55881439709452288"""
55881815392265728,19413,1,25,16777215,"""ba67467c""",""" 豿""",1633677304,1,"""55881815392265728"""
55883197904534528,27605,1,25,16777215,"""b173a977""","""你还没它礼貌""",1633679941,1,"""55883197904534528"""
55883456798970368,28224,1,25,16777215,"""b1042e04""","""恶心啊""",1633680434,1,"""55883456798970368"""
55883464792339968,13030,1,25,16777215,"""ac02f153""","""印度狗""",1633680450,1,"""55883464792339968"""
55883497370390528,16739,1,25,16777215,"""c5e42bb5""","""太香啦""",1633680512,7,"""55883497370390528"""
55884026824769536,30159,1,25,16777215,"""a5612d45""","""双面人""",1633681522,1,"""55884026824769536"""
55884318138653184,10448,1,25,16777215,"""861c5ae9""","""带回家架火""",1633682077,9,"""55884318138653184"""
55884347893627904,17851,1,25,16777215,"""5f28c2cf""","""骸屶篝""",1633682134,1,"""55884347893627904"""
55884945804691456,5056,1,25,16777215,"""b962949a""","""还挺肥""",1633683274,1,"""55884945804691456"""
55886522894840320,326,1,25,16777215,"""6a32d162""","""韝""",1633686283,1,"""55886522894840320"""
55887260031194112,16431,1,25,15138834,"""a4f2b0c""","""oil我去""",1633687689,8,"""55887260031194112"""
55887538687706112,2985,1,25,16777215,"""692068c7""","""褿""",1633688220,1,"""55887538687706112"""
55887591754539008,20104,1,25,16707842,"""16a2e18""","""AOE圣水""",1633688321,1,"""55887591754539008"""
55888763063340032,14158,1,25,16777215,"""34ef0b7e""","""我去？好丑的哮天！""",1633690555,1,"""55888763063340032"""
55889291541970944,1640,1,25,16777215,"""8b9acfc9""","""这不是松？""",1633691563,1,"""55889291541970944"""
55894112071653376,5345,5,25,16707842,"""52e3ac42""","""卧槽，炫狗！""",1633700758,1,"""55894112071653376"""
55895671136046592,29699,1,25,16777215,"""c6acd69""","""你骂它干嘛啦哈哈哈哈""",1633703731,1,"""55895671136046592"""
55896614586966016,15761,5,25,16707842,"""d6904b78""","""庸の宠物""",1633705531,1,"""55896614586966016"""
55911746554324480,21002,1,25,16777215,"""ac6716e0""","""但是它的毛色是真的很漂亮""",1633734393,1,"""55911746554324480"""
55911765689029120,25488,1,25,16777215,"""ac6716e0""","""好委屈啊，狗狗""",1633734429,1,"""55911765689029120"""
55920676172286976,33000,1,25,16777215,"""f477a0a8""","""虽然但是，你干嘛踢他啊？人家那么友好""",1633751425,1,"""55920676172286976"""
55920692315314176,15470,5,25,15138834,"""be86addc""","""牙 通 牙！""",1633751456,1,"""55920692315314176"""
55922673431948288,21158,1,25,16777215,"""a1f6da97""","""讨厌昨晚还叫人小甜甜""",1633755234,1,"""55922673431948288"""
55929745062336000,19405,5,25,15138834,"""6bc33dba""","""火云邪了属于是""",1633768722,10,"""55929745062336000"""
55931660602591744,16414,4,25,16777215,"""8bd37910""","""好家伙双排扣""",1633772376,1,"""55931660602591744"""
55931963102557184,22317,5,25,16646914,"""26831d00""","""优美的中国话""",1633772953,10,"""55931963102557184"""
55933577332989952,22634,5,25,16777215,"""f120cdf""","""按E键踢腿""",1633776032,1,"""55933577332989952"""
55933655063905280,28989,1,25,16777215,"""70f09bed""","""《What\'s up》""",1633776180,10,"""55933655063905280"""
55940342876312064,10988,1,25,16777215,"""16b54a8""","""这种狗叫:刘墉这啥狗""",1633788936,1,"""55940342876312064"""
55942135574380544,2604,1,25,15138834,"""34a3bc9e""","""世界名画""",1633792355,1,"""55942135574380544"""
55958004824576000,27485,1,25,16777215,"""b75e8f55""","""老吓银了""",1633822623,1,"""55958004824576000"""
55965178292512256,2865,1,25,16777215,"""7e604f9""","""卧槽，选购""",1633836306,9,"""55965178292512256"""
55971638628628480,8171,1,25,15138834,"""1662945e""","""肃然起敬""",1633848628,1,"""55971638628628480"""
55973752234143744,23492,1,25,16777215,"""5ab0fef0""","""狗:你礼貌吗""",1633852659,1,"""55973752234143744"""
55978341321404928,19257,5,25,15138834,"""3cf8c6d9""","""真-奶狗""",1633861412,1,"""55978341321404928"""
55979526127166976,1146,5,25,2236962,"""325af4db""","""死   司   凭   血""",1633863672,1,"""55979526127166976"""
55979529803397632,29200,1,25,16777215,"""99c03c56""","""人家可是女孩子""",1633863679,1,"""55979529803397632"""
55990556337655296,10613,1,25,16777215,"""a13dc771""","""吓老子一跳""",1633884711,1,"""55990556337655296"""
56014185722252288,7415,1,25,16777215,"""cfd580af""","""原来外国狗语也是嘬嘬嘬""",1633929780,1,"""56014185722252288"""
56016979084249600,5488,1,25,16777215,"""f10e9123""","""国际通用唤狗声""",1633935108,1,"""56016979084249600"""
56017481814837760,10085,5,25,15138834,"""af2a153""","""很友好的狗狗。过来讨摸了""",1633936067,1,"""56017481814837760"""
56019518732579328,14678,1,25,16777215,"""e9c7fadd""","""哈哈哈哈哈，妖怪""",1633939952,1,"""56019518732579328"""
56020754271344128,21819,1,25,16777215,"""df813a5d""","""国际通用叫狗法:丢丢丢～""",1633942309,1,"""56020754271344128"""
56023803962166784,20019,1,25,16777215,"""a17825f7""","""二筒""",1633948125,1,"""56023803962166784"""
56026357944540672,32100,1,25,16777215,"""17831563""","""我超炫狗""",1633952997,1,"""56026357944540672"""
56028773418344448,26879,1,25,16777215,"""45d6b53f""","""直接草了，哈哈哈哈哈哈哈哈""",1633957604,1,"""56028773418344448"""
56029557383977984,11772,1,25,16777215,"""90707b64""","""好亲人，可爱""",1633959099,9,"""56029557383977984"""
56030562568730112,8355,5,25,15138834,"""5646df22""","""《南  宫  恨》""",1633961016,1,"""56030562568730112"""
56030954630167040,27115,5,25,15138834,"""4ff7dfc7""","""没踢到好不好""",1633961764,1,"""56030954630167040"""
56033273262529024,6315,1,25,16777215,"""c011116""","""提前笑，哈哈哈哈""",1633966187,9,"""56033273262529024"""
56034420015099392,23626,5,25,16707842,"""29aa2a29""","""男人的脚是用来走天下的，不是用来踢老婆的""",1633968374,1,"""56034420015099392"""
56042051892746240,26108,1,25,16777215,"""75fe2357""","""好哈哈哈哈哈哈哈哈哈哈哈""",1633982931,8,"""56042051892746240"""
56043217412772864,19242,1,25,16777215,"""9f0e1816""","""老虾仁了""",1633985154,1,"""56043217412772864"""
56052898480015360,3607,1,25,16777215,"""fd007cdc""","""这是印度熊猫狗""",1634003619,1,"""56052898480015360"""
56054247567029248,11754,1,25,16777215,"""7cf2430a""","""叫过来为嘛踢我""",1634006192,1,"""56054247567029248"""
56059005503565824,30605,5,25,41194,"""8967a231""","""你不要过来啊！！！！""",1634015267,1,"""56059005503565824"""
56064130901325824,3159,1,25,16707842,"""a169eb78""","""背影杀手""",1634025043,10,"""56064130901325824"""
56064147525006848,31501,1,25,16777215,"""53a4412f""","""咱俩是一个服务器吗？""",1634025075,1,"""56064147525006848"""
56078265651112448,12035,5,25,41194,"""cd4db1de""","""丹 尼""",1634052003,1,"""56078265651112448"""
56090896030527488,12539,5,25,16707842,"""51595f01""","""哈哈哈，挺萌的""",1634076093,10,"""56090896030527488"""
56114725844641280,17831,1,25,16777215,"""4671289f""","""这是过来觅食的吧""",1634121545,1,"""56114725844641280"""
56117592062682624,24571,5,25,15138834,"""840548b4""","""语言优美""",1634127012,10,"""56117592062682624"""
56120554226200064,24599,1,25,16777215,"""cd4db1de""","""操！""",1634132662,1,"""56120554226200064"""
56121370520093184,12261,1,25,16777215,"""71d26f6""","""哈哈哈哈哈哈最喜欢的一集""",1634134219,10,"""56121370520093184"""
56124723417997312,21492,1,25,16777215,"""86d83b58""","""《偷袭未果》""",1634140614,10,"""56124723417997312"""
56140680330475008,21836,1,25,16777215,"""488a6e24""","""《小 奶 狗》""",1634171049,1,"""56140680330475008"""
56151856622220288,26350,1,25,16777215,"""bed12b4c""","""不要欺负狗勾！""",1634192366,9,"""56151856622220288"""
56155195995653120,11849,1,25,16777215,"""50c78cb""","""笑死我了""",1634198736,8,"""56155195995653120"""
56163477989120000,33000,1,25,16777215,"""b5d920d7""","""哈哈哈哈""",1634214532,9,"""56163477989120000"""
56166487704017408,32173,5,25,41194,"""ee36545d""","""人家是个女生啦""",1634220273,1,"""56166487704017408"""
56170995373527552,22959,1,25,16707842,"""8f72c3b5""","""花姑娘，全身都是花啊！""",1634228871,1,"""56170995373527552"""
56172734897992192,22326,5,25,16777215,"""f62c28da""","""《䒑》""",1634232189,10,"""56172734897992192"""
56196894692639744,21630,1,25,16707842,"""da5d3fb6""","""你多伤狗自尊啊""",1634278270,1,"""56196894692639744"""
56202678648944640,24353,5,25,38979,"""323752b1""","""c语言""",1634289302,1,"""56202678648944640"""
56204673153256448,13735,5,25,16707842,"""c732f15f""","""我超炫狗""",1634293106,1,"""56204673153256448"""
56207471921861632,10377,5,25,15138834,"""8e5c6b15""","""熊猫狗""",1634298444,1,"""56207471921861632"""
56209010830097920,17120,1,25,16777215,"""2a7a3153""","""呆唯狂喜""",1634301379,1,"""56209010830097920"""
56209239849029120,11876,1,25,16777215,"""a249cf29""","""氦氘蚼""",1634301816,1,"""56209239849029120"""
56213239703283712,31178,5,25,15138834,"""f86f1017""","""小奶狗""",1634309445,1,"""56213239703283712"""
56239520861664256,939,5,25,41194,"""c7c5af2a""","""沧桑.jpg""",1634359573,10,"""56239520861664256"""
56240987048806912,27592,1,25,16777215,"""3d2ef19""","""狗：再骂咬你了""",1634362369,1,"""56240987048806912"""
56252461504807936,2546,1,25,16777215,"""93aa49a8""","""没见过这么三花的三花狗""",1634384255,1,"""56252461504807936"""
56253490291297792,16459,1,25,16777215,"""ef91a56a""","""哈哈哈哈过来甩你一身""",1634386217,10,"""56253490291297792"""
56262113543932416,18589,5,25,15138834,"""7e25a3a1""","""狗：我看你tm像妖怪""",1634402665,1,"""56262113543932416"""
56266282892024320,28459,1,25,16777215,"""beb748ab""","""你不摸摸它吗…""",1634410617,1,"""56266282892024320"""
56294240228757504,20999,1,25,16777215,"""304fc838""","""哈哈哈哈哈哈哈这狗承包了我一天的笑点""",1634463942,1,"""56294240228757504"""
56298450421612544,1671,1,25,16777215,"""3364aa69""","""每日一遍""",1634471972,9,"""56298450421612544"""
56298456604116992,1671,1,25,16777215,"""3364aa69""","""每日一遍""",1634471984,9,"""56298456604116992"""
56298538077839872,18155,1,25,16777215,"""32605bc7""","""卧槽，选购""",1634472139,10,"""56298538077839872"""
56301302630598656,2299,1,25,16777215,"""17d3afa2""","""全文背诵""",1634477412,9,"""56301302630598656"""
56302499549957632,17203,5,25,16777215,"""d6a8e6dd""","""二饼""",1634479695,1,"""56302499549957632"""
56303094635714560,2917,5,25,41194,"""33e81c7a""","""多  卫  生  啊""",1634480830,1,"""56303094635714560"""
56307698899896832,7530,1,25,16777215,"""7e0a1e95""","""这瞬间狗尾巴在水面画的好漂亮""",1634489612,10,"""56307698899896832"""
56307773915970560,31736,1,25,16777215,"""f865fd60""","""罗夏""",1634489755,8,"""56307773915970560"""
56309369711867904,17784,1,25,16777215,"""7a9060c2""","""说曼森的我真的会笑死""",1634492799,1,"""56309369711867904"""
56322512103030784,1959,1,25,16777215,"""dd27d5ad""","""Aape联名狗""",1634517866,1,"""56322512103030784"""
56324038110771712,7453,1,25,16777215,"""da646e5""","""丧  钟""",1634520777,1,"""56324038110771712"""
56325671230371328,25089,1,25,16777215,"""b04173b3""","""炫狗""",1634523892,1,"""56325671230371328"""
56327435935861248,30804,1,25,16777215,"""dbbbd53c""","""一睹芳容""",1634527257,10,"""56327435935861248"""
56327764795475968,13339,1,25,16777215,"""d4132ce8""","""可爱""",1634527885,7,"""56327764795475968"""
56328002787885056,19022,1,25,16777215,"""69053b90""","""海岛狗""",1634528339,1,"""56328002787885056"""
56330030006042624,20767,1,25,16777215,"""e162e922""","""你再骂""",1634532205,1,"""56330030006042624"""
56330156047410688,6099,1,25,16777215,"""4b1d701""","""雊""",1634532446,1,"""56330156047410688"""
56330201820359680,11739,1,25,16777215,"""1ec0fff4""","""韝""",1634532533,1,"""56330201820359680"""
56330244630790144,24030,1,25,16777215,"""adce6864""","""狗长癞疮，是妖狗哈哈哈""",1634532615,1,"""56330244630790144"""
56333201508541440,17470,1,25,16777215,"""bdffbb81""","""奶狗""",1634538254,1,"""56333201508541440"""
56333207877650432,22644,1,25,16777215,"""bdffbb81""","""奶狗""",1634538267,1,"""56333207877650432"""
56333861168235008,3079,1,25,16777215,"""64822748""","""每天一遍，上头！""",1634539513,1,"""56333861168235008"""
56333870193882112,16019,1,25,16777215,"""64822748""","""哎呦我去！""",1634539530,1,"""56333870193882112"""
56333878117555200,22699,1,25,16777215,"""64822748""","""狗：你礼貌吗""",1634539545,1,"""56333878117555200"""
56334400854538240,20382,5,25,9033215,"""dd9eb7ba""","""杀生丸""",1634540542,1,"""56334400854538240"""
56338659049949184,26758,1,25,16707842,"""83682e15""","""二筒""",1634548664,1,"""56338659049949184"""
56339604409433088,25639,1,25,16777215,"""75d8b979""","""狗：你是狗吧""",1634550467,1,"""56339604409433088"""
56343857983445504,27197,1,25,16777215,"""84502aab""","""干净卫生啊xdm""",1634558580,1,"""56343857983445504"""
56345933210425856,13814,1,25,16777215,"""7c0ad451""","""狗子还挺亲人，我觉得挺可爱啊""",1634562538,10,"""56345933210425856"""
56347379343883264,24539,1,25,16777215,"""65b4a6c1""","""好可爱的狗啊""",1634565296,1,"""56347379343883264"""